動画ファイル名,開始時間,終了時間,統一動作名,部位,強度
[43ujp3KQ8kE].mp4,0:13,0:48,ニー・トゥ・エルボー,下半身,中
[43ujp3KQ8kE].mp4,0:58,1:33,ダイアゴナルパンチ,上半身,中
[43ujp3KQ8kE].mp4,1:39,2:18,ツイストスクワット,下半身,中
[43ujp3KQ8kE].mp4,2:28,3:03,ランジ (右),下半身,中
[43ujp3KQ8kE].mp4,3:13,3:48,コンビネーションパンチ,上半身,中
[43ujp3KQ8kE].mp4,3:58,4:33,トゥタッチ,下半身,中
[43ujp3KQ8kE].mp4,4:43,5:18,スクワット・トゥタッチ,全身,高
[43ujp3KQ8kE].mp4,5:28,6:04,プランク・ステップアウト,全身,高
[43ujp3KQ8kE].mp4,6:13,6:48,オルタネイト・ステップ,下半身,低
[43ujp3KQ8kE].mp4,6:58,7:34,スケーター,全身,高
[43ujp3KQ8kE].mp4,7:44,8:19,ランジ (左),下半身,中
[43ujp3KQ8kE].mp4,8:29,9:04,スクワット・カーフレイズ,下半身,中
[43ujp3KQ8kE].mp4,9:14,9:49,オルタネイト・ニータッチ,下半身,中
[43ujp3KQ8kE].mp4,9:59,10:34,トゥタッチ,下半身,中
[cU1lz4_5dRM].mp4,0:08,0:14,ショルダーロール,上半身,低
[cU1lz4_5dRM].mp4,0:14,0:23,ショルダーロール (リバース),上半身,低
[cU1lz4_5dRM].mp4,0:23,0:38,バック・アンクルタッチ,下半身,低
[cU1lz4_5dRM].mp4,0:38,0:53,バックストレッチ,上半身,低
[cU1lz4_5dRM].mp4,0:53,1:08,リバースクラップ,上半身,低
[cU1lz4_5dRM].mp4,1:23,1:38,ハイニー (アームレイズ),全身,中
[cU1lz4_5dRM].mp4,1:38,1:53,バック・アンクルタッチ,下半身,低
[cU1lz4_5dRM].mp4,1:53,2:08,バックストレッチ,上半身,低
[cU1lz4_5dRM].mp4,2:08,2:23,ハイニー (アームレイズ),全身,中
[cU1lz4_5dRM].mp4,2:23,2:53,リバースクラップ,上半身,低
[cU1lz4_5dRM].mp4,2:53,3:08,ハイニー (アームレイズ),全身,中
[cU1lz4_5dRM].mp4,3:23,3:53,トゥタッチ,下半身,中
[cU1lz4_5dRM].mp4,3:53,4:08,スクワット・サイドキック,下半身,高
[cU1lz4_5dRM].mp4,4:08,4:22,スクワット・パルス,下半身,中
[cU1lz4_5dRM].mp4,4:22,4:53,トゥタッチ,下半身,中
[cU1lz4_5dRM].mp4,4:53,5:07,スクワット・サイドキック,下半身,高
[cU1lz4_5dRM].mp4,5:25,6:11,レインボーレッグリフト,下半身,中
[cU1lz4_5dRM].mp4,6:11,7:08,アームスイング,上半身,低
[cU1lz4_5dRM].mp4,7:08,7:43,ヒップスイング,全身,低
[cU1lz4_5dRM].mp4,7:51,8:09,サイド・ニータッチ,全身,中
[cU1lz4_5dRM].mp4,8:09,8:26,ヒールタッチ,全身,中
[cU1lz4_5dRM].mp4,8:26,8:44,サイドベンド,上半身,低
[cU1lz4_5dRM].mp4,8:51,9:09,ニータッチ,下半身,中
[cU1lz4_5dRM].mp4,9:09,9:26,レッグカール,下半身,低
[cU1lz4_5dRM].mp4,9:26,9:43,サイドベンド,上半身,低
[cU1lz4_5dRM].mp4,10:01,10:18,ニータッチ,下半身,中
[cU1lz4_5dRM].mp4,10:18,10:35,レッグカール,下半身,低
[cU1lz4_5dRM].mp4,10:35,10:50,サイドベンド,上半身,低
[aIFTmHljU6E].mp4,0:05,0:43,フロントキック,下半身,中
[aIFTmHljU6E].mp4,0:43,1:22,バックランジ (アームレイズ),全身,中
[aIFTmHljU6E].mp4,1:22,2:00,サイドタップ,下半身,低
[aIFTmHljU6E].mp4,2:00,2:42,クロスパンチ,上半身,中
[aIFTmHljU6E].mp4,2:42,3:21,サイドスクワット,下半身,中
[aIFTmHljU6E].mp4,3:21,4:03,オルタネイト・トゥタッチ (立位),全身,中
[aIFTmHljU6E].mp4,4:03,4:43,ワイドスクワット,下半身,中
[aIFTmHljU6E].mp4,4:43,5:22,ストレートパンチ,上半身,中
[aIFTmHljU6E].mp4,5:22,6:01,クロスボディ・ニートゥエルボー,全身,中
[aIFTmHljU6E].mp4,6:01,6:42,サイド・ニートゥエルボー,全身,中
[aIFTmHljU6E].mp4,6:42,7:43,ステップ・リーチ,全身,低
[aIFTmHljU6E].mp4,7:43,8:23,ウォークダウン・バーピー,全身,高
[aIFTmHljU6E].mp4,8:23,9:03,クロスバックランジ,下半身,中
[aIFTmHljU6E].mp4,9:03,9:43,インチワーム,全身,中
[aIFTmHljU6E].mp4,9:43,10:23,クロスボディ・トゥタッチ,全身,中
[aIFTmHljU6E].mp4,10:23,11:03,スクワット・サイドレッグリフト,下半身,中
[aIFTmHljU6E].mp4,11:03,11:42,サイドタップ,下半身,低
[aIFTmHljU6E].mp4,11:42,12:22,グルートブリッジ,下半身,中
[aIFTmHljU6E].mp4,12:22,13:03,ライイング・レッグレイズ (シングル),下半身,中
[aIFTmHljU6E].mp4,13:03,13:44,ニーリング・レッグリフト,下半身,中
[aIFTmHljU6E].mp4,13:44,14:24,プランク・ステップアウト,全身,高
[aIFTmHljU6E].mp4,14:24,15:00,プランク,全身,中
[wP27i_ZksZ8].mp4,0:10,0:16,マーチング,下半身,低
[wP27i_ZksZ8].mp4,0:16,0:30,オルタネイト・ヒールタッチ,下半身,低
[wP27i_ZksZ8].mp4,0:30,0:44,サイドスクワット,下半身,中
[wP27i_ZksZ8].mp4,0:44,1:00,サイドスクワット (アームレイズ),全身,中
[wP27i_ZksZ8].mp4,1:00,1:14,サイドスクワット (アームレイズ),全身,高
[wP27i_ZksZ8].mp4,1:14,1:29,アンダーサイ・クラップ,下半身,中
[wP27i_ZksZ8].mp4,1:29,1:58,オルタネイト・ヒールタッチ,下半身,低
[wP27i_ZksZ8].mp4,1:58,2:12,サイドスクワット,下半身,中
[wP27i_ZksZ8].mp4,2:12,2:27,サイドスクワット (アームレイズ),全身,中
[wP27i_ZksZ8].mp4,2:27,2:42,サイドスクワット (アームレイズ),全身,高
[wP27i_ZksZ8].mp4,2:42,3:11,アンダーサイ・クラップ,下半身,中
[wP27i_ZksZ8].mp4,3:11,3:34,マーチング,下半身,低
[wP27i_ZksZ8].mp4,3:34,3:49,マーチング (アームサークル),全身,低
[wP27i_ZksZ8].mp4,3:49,4:07,アームムーブメント,上半身,低
[wP27i_ZksZ8].mp4,4:07,4:19,オーバーヘッド・アームサークル (右),上半身,低
[wP27i_ZksZ8].mp4,4:19,4:34,オーバーヘッド・アームサークル (左),上半身,低
[wP27i_ZksZ8].mp4,4:34,4:48,マーチング,下半身,低
[wP27i_ZksZ8].mp4,4:48,5:04,アームムーブメント,上半身,低
[wP27i_ZksZ8].mp4,5:04,5:18,アームフライ,上半身,低
[wP27i_ZksZ8].mp4,5:18,5:34,アームフライ (ステップ),全身,低
[wP27i_ZksZ8].mp4,5:34,5:49,オーバーヘッド・アームサークル (右),上半身,低
[wP27i_ZksZ8].mp4,5:49,6:05,オーバーヘッド・アームサークル (左),上半身,低
[wP27i_ZksZ8].mp4,6:05,6:19,マーチング,下半身,低
[wP27i_ZksZ8].mp4,6:19,6:33,インナーサイ・ストレッチ (右),下半身,低
[wP27i_ZksZ8].mp4,6:33,6:47,インナーサイ・ストレッチ (左),下半身,低
[wP27i_ZksZ8].mp4,6:47,7:01,深呼吸,全身,低
[wP27i_ZksZ8].mp4,7:01,7:19,ステップ・リーチ,全身,低
[wP27i_ZksZ8].mp4,7:19,7:58,スクワット,下半身,中
[wP27i_ZksZ8].mp4,7:58,8:27,ワイドスクワット,下半身,中
[wP27i_ZksZ8].mp4,8:27,8:48,マーチング,下半身,低
[wP27i_ZksZ8].mp4,8:48,9:10,サイドクランチ (立位),上半身,中
[wP27i_ZksZ8].mp4,9:10,9:35,クロスボディ・ニートゥエルボー,全身,中
[wP27i_ZksZ8].mp4,9:35,9:50,マーチング,下半身,低
[wP27i_ZksZ8].mp4,9:50,10:13,サイドクランチ (立位),上半身,中
[wP27i_ZksZ8].mp4,10:13,10:35,サイドクランチ (ニーベント),上半身,中
[wP27i_ZksZ8].mp4,10:35,11:11,クロスボディ・ニートゥエルボー,全身,中
[wP27i_ZksZ8].mp4,11:11,11:25,マーチング,下半身,低
[wP27i_ZksZ8].mp4,11:25,11:40,サイドステップ,下半身,低
[wP27i_ZksZ8].mp4,11:40,11:55,アームリーチ,上半身,低
[wP27i_ZksZ8].mp4,11:55,12:10,フォワードパンチ,上半身,低
[wP27i_ZksZ8].mp4,12:10,12:25,ステップ・パンチ,全身,中
[wP27i_ZksZ8].mp4,12:25,12:40,マーチング,下半身,低
[wP27i_ZksZ8].mp4,12:40,12:55,サイドステップ,下半身,低
[wP27i_ZksZ8].mp4,12:55,13:10,アームリーチ,上半身,低
[wP27i_ZksZ8].mp4,13:10,13:25,フォワードパンチ,上半身,低
[wP27i_ZksZ8].mp4,13:25,13:40,ステップ・パンチ,全身,中
[wP27i_ZksZ8].mp4,13:40,13:55,オルタネイト・パンチ,全身,中
[wP27i_ZksZ8].mp4,13:55,14:15,深呼吸,全身,低
[lCMN-y0BDM4].mp4,0:08,0:14,マーチング,下半身,低
[lCMN-y0BDM4].mp4,0:14,0:29,サイドステップ,下半身,低
[lCMN-y0BDM4].mp4,0:29,0:44,サイドステップ (アームプッシュ),全身,中
[lCMN-y0BDM4].mp4,0:44,1:15,フォワードステップ,下半身,低
[lCMN-y0BDM4].mp4,1:15,1:30,マーチング,下半身,低
[lCMN-y0BDM4].mp4,1:30,1:45,深呼吸,全身,低
[lCMN-y0BDM4].mp4,1:45,2:00,サイドステップ,下半身,低
[lCMN-y0BDM4].mp4,2:00,2:15,サイドステップ (アームプッシュ),全身,中
[lCMN-y0BDM4].mp4,2:15,2:45,フォワードステップ,下半身,低
[lCMN-y0BDM4].mp4,2:45,2:56,マーチング,下半身,低
[lCMN-y0BDM4].mp4,2:56,3:07,深呼吸,全身,低
[lCMN-y0BDM4].mp4,3:07,3:17,ジャブ (右),上半身,中
[lCMN-y0BDM4].mp4,3:17,3:29,ジャブ (左),上半身,中
[lCMN-y0BDM4].mp4,3:29,3:40,ジャブ (右),上半身,中
[lCMN-y0BDM4].mp4,3:40,3:51,ジャブ (左),上半身,中
[lCMN-y0BDM4].mp4,3:51,4:13,スクワット・ヒップタッチ,下半身,中
[lCMN-y0BDM4].mp4,4:13,4:34,サイドベンド,上半身,低
[lCMN-y0BDM4].mp4,4:34,4:57,サイドベンド (アームレイズ),上半身,低
[lCMN-y0BDM4].mp4,4:57,5:19,マーチング,下半身,低
[lCMN-y0BDM4].mp4,5:19,5:30,ストレートパンチ,上半身,中
[lCMN-y0BDM4].mp4,5:30,5:40,ストレートパンチ,上半身,高
[lCMN-y0BDM4].mp4,5:40,6:02,クロスパンチ,上半身,中
[lCMN-y0BDM4].mp4,6:02,6:17,マーチング,下半身,低
[lCMN-y0BDM4].mp4,6:17,6:32,レッグカール,下半身,低
[lCMN-y0BDM4].mp4,6:32,7:01,サイド・アームレイズ,上半身,低
[lCMN-y0BDM4].mp4,7:01,7:17,オルタネイト・オーバーヘッドリーチ,上半身,低
[lCMN-y0BDM4].mp4,7:17,7:31,マーチング,下半身,低
[lCMN-y0BDM4].mp4,7:31,7:46,レッグカール,下半身,低
[lCMN-y0BDM4].mp4,7:46,8:16,サイド・アームレイズ,上半身,低
[lCMN-y0BDM4].mp4,8:16,8:30,オルタネイト・オーバーヘッドリーチ,上半身,低
[KxzZJwmB8qc].mp4,0:44,0:57,フォワードステップ,下半身,低
[KxzZJwmB8qc].mp4,0:57,1:14,フォワードステップ (アームレイズ),全身,中
[KxzZJwmB8qc].mp4,1:14,1:29,マーチング,下半身,低
[KxzZJwmB8qc].mp4,1:29,2:14,フォワードパンチ,上半身,中
[KxzZJwmB8qc].mp4,2:14,2:29,マーチング,下半身,低
[KxzZJwmB8qc].mp4,2:29,2:59,リーチダウン・リーチアップ,全身,中
[KxzZJwmB8qc].mp4,2:59,3:14,アッパーパンチ,上半身,中
[KxzZJwmB8qc].mp4,3:14,3:31,ダウンワードパンチ,上半身,中
[KxzZJwmB8qc].mp4,3:31,3:44,マーチング,下半身,低
[KxzZJwmB8qc].mp4,3:44,4:29,サイドレッグオープン,下半身,中
[KxzZJwmB8qc].mp4,4:29,5:00,サイドレッグオープン (アームズ),全身,中
[KxzZJwmB8qc].mp4,5:00,5:14,マーチング,下半身,低
[KxzZJwmB8qc].mp4,5:14,5:45,フォワードステップ,下半身,低
[KxzZJwmB8qc].mp4,5:45,5:59,フォワードステップ (アームレイズ),全身,中
[KxzZJwmB8qc].mp4,5:59,6:29,フォワードパンチ,上半身,中
[KxzZJwmB8qc].mp4,6:29,6:45,アッパーパンチ,上半身,中
[KxzZJwmB8qc].mp4,6:45,6:59,マーチング,下半身,低
[KxzZJwmB8qc].mp4,6:59,7:29,リーチダウン・リーチアップ,全身,中
[KxzZJwmB8qc].mp4,7:29,7:59,リーチダウン・リーチアップ,全身,高
[KxzZJwmB8qc].mp4,7:59,8:15,トルソツイスト,全身,中
[KxzZJwmB8qc].mp4,8:15,8:30,フォワードパンチ,上半身,中
[KxzZJwmB8qc].mp4,8:30,8:36,マーチング,下半身,低
[KxzZJwmB8qc].mp4,8:36,8:52,フォワードステップ,下半身,低
[KxzZJwmB8qc].mp4,8:52,9:07,フォワードステップ (アームレイズ),全身,中
[KxzZJwmB8qc].mp4,9:07,9:14,サイドステップ,下半身,低
[KxzZJwmB8qc].mp4,9:14,9:30,サイドステップ (アームサークル),全身,中
[KxzZJwmB8qc].mp4,9:30,9:44,マーチング,下半身,低
[KxzZJwmB8qc].mp4,9:44,10:07,サイドステップ,下半身,低
[KxzZJwmB8qc].mp4,10:07,10:22,サイドステップ (アームサークル),全身,中
[KxzZJwmB8qc].mp4,10:22,10:37,マーチング,下半身,低
[KxzZJwmB8qc].mp4,10:37,11:07,クロスボディクランチ,全身,中
[KxzZJwmB8qc].mp4,11:07,11:29,サイドクランチ (立位),上半身,中
[KxzZJwmB8qc].mp4,11:29,11:45,深呼吸,全身,低
[Qs8Z7X90f68].mp4,0:08,0:15,マーチング,下半身,低
[Qs8Z7X90f68].mp4,0:15,0:29,トルソツイスト,全身,低
[Qs8Z7X90f68].mp4,0:29,0:43,ショルダーロール,上半身,低
[Qs8Z7X90f68].mp4,0:43,0:58,トゥタッチ,下半身,中
[Qs8Z7X90f68].mp4,0:58,1:13,ウエストツイスト,全身,中
[Qs8Z7X90f68].mp4,1:13,1:27,トルソツイスト,全身,低
[Qs8Z7X90f68].mp4,1:27,1:42,ショルダーロール,上半身,低
[Qs8Z7X90f68].mp4,1:42,1:57,トゥタッチ,下半身,中
[Qs8Z7X90f68].mp4,1:57,2:24,ウエストツイスト,全身,中
[Qs8Z7X90f68].mp4,2:24,2:53,ワイドスクワット,下半身,中
[Qs8Z7X90f68].mp4,2:53,3:21,ウエストツイスト,全身,中
[Qs8Z7X90f68].mp4,3:21,3:36,マーチング,下半身,低
[Qs8Z7X90f68].mp4,3:36,4:07,サイドステップ・リーチ,全身,中
[Qs8Z7X90f68].mp4,4:07,4:22,マトリックス,下半身,中
[Qs8Z7X90f68].mp4,4:22,4:45,ディープスクワット,下半身,高
[Qs8Z7X90f68].mp4,4:45,5:15,サイドクランチ (立位),上半身,中
[Qs8Z7X90f68].mp4,5:15,5:31,マトリックス,下半身,中
[Qs8Z7X90f68].mp4,5:31,5:47,クロスボディクランチ,全身,中
[Qs8Z7X90f68].mp4,5:47,6:09,マーチング,下半身,低
[Qs8Z7X90f68].mp4,6:09,6:31,ディープスクワット,下半身,高
[Qs8Z7X90f68].mp4,6:31,6:48,サイドクランチ (立位),上半身,中
[Qs8Z7X90f68].mp4,6:48,7:11,サイドクランチ (アームレイズ),上半身,中
[Qs8Z7X90f68].mp4,7:11,7:24,マーチング,下半身,低
[Qs8Z7X90f68].mp4,7:24,7:37,ネックロール,上半身,低
[Qs8Z7X90f68].mp4,7:37,7:50,深呼吸,全身,低
[Qs8Z7X90f68].mp4,7:50,8:16,フォワードベンド (ダイアゴナル),下半身,低
[Qs8Z7X90f68].mp4,8:16,8:41,クアッドストレッチ,下半身,低
[Qs8Z7X90f68].mp4,8:41,9:08,トゥタッチ (座位),下半身,低
[Qs8Z7X90f68].mp4,9:08,9:37,オーバーヘッドストレッチ,上半身,低
[Qs8Z7X90f68].mp4,9:37,9:53,シェイク,全身,低
[Qs8Z7X90f68].mp4,9:53,10:19,トゥタッチ (座位),下半身,低
[Qs8Z7X90f68].mp4,10:19,10:35,深呼吸,全身,低
[hXyamPHNhkk].mp4,0:14,0:29,ジャンピングジャック (ステップ),全身,中
[hXyamPHNhkk].mp4,0:29,0:44,カラテパンチ,上半身,中
[hXyamPHNhkk].mp4,0:44,0:50,アンダーサイ・クラップ,下半身,中
[hXyamPHNhkk].mp4,0:50,1:14,フック (右),上半身,中
[hXyamPHNhkk].mp4,1:14,1:29,フック (左),上半身,中
[hXyamPHNhkk].mp4,1:29,1:46,ジャンピングジャック (ステップ),全身,中
[hXyamPHNhkk].mp4,1:46,2:01,カラテパンチ,上半身,中
[hXyamPHNhkk].mp4,2:01,2:16,アンダーサイ・クラップ,下半身,中
[hXyamPHNhkk].mp4,2:16,2:30,ジャンピングジャック (ステップ),全身,中
[hXyamPHNhkk].mp4,2:30,2:46,フック (左),上半身,中
[hXyamPHNhkk].mp4,2:46,3:01,フック (右),上半身,中
[hXyamPHNhkk].mp4,3:01,3:32,アンダーサイ・クラップ,下半身,中
[hXyamPHNhkk].mp4,3:32,3:45,マーチング,下半身,低
[hXyamPHNhkk].mp4,3:45,4:02,ニーアップ,下半身,中
[hXyamPHNhkk].mp4,4:02,4:24,ニーアップ・キック,下半身,高
[hXyamPHNhkk].mp4,4:24,4:54,ジャック・スクワット,全身,高
[hXyamPHNhkk].mp4,4:54,5:09,ジャック・スクワット,全身,高
[hXyamPHNhkk].mp4,5:09,5:23,ジャンピングジャック (アームズ),全身,中
[hXyamPHNhkk].mp4,5:23,5:42,マーチング,下半身,低
[hXyamPHNhkk].mp4,5:42,5:58,ニーアップ,下半身,中
[hXyamPHNhkk].mp4,5:58,6:13,ニーアップ・キック,下半身,高
[hXyamPHNhkk].mp4,6:13,6:28,ジャック・スクワット,全身,高
[hXyamPHNhkk].mp4,6:28,6:57,ジャック・スクワット,全身,高
[hXyamPHNhkk].mp4,6:57,7:28,アンダーサイ・クラップ,下半身,中
[hXyamPHNhkk].mp4,7:28,7:42,マーチング,下半身,低
[hXyamPHNhkk].mp4,7:42,7:57,スロースクワット,下半身,中
[hXyamPHNhkk].mp4,7:57,8:28,スロースクワット,下半身,中
[hXyamPHNhkk].mp4,8:28,8:42,スクワット,下半身,中
[hXyamPHNhkk].mp4,8:42,9:13,スクワット・サイドキック,下半身,高
[hXyamPHNhkk].mp4,9:13,9:38,マーチング,下半身,低
[hXyamPHNhkk].mp4,9:38,10:06,アームフライ (ステップ),全身,低
[hXyamPHNhkk].mp4,10:06,10:20,アームフライ,上半身,低
[hXyamPHNhkk].mp4,10:20,10:35,アームフライ (ステップ),全身,低
[hXyamPHNhkk].mp4,10:35,11:05,アームフライ,上半身,低
[hXyamPHNhkk].mp4,11:05,11:20,オルタネイト・アームフライ,上半身,低
[hXyamPHNhkk].mp4,11:32,11:49,マーチング,下半身,低
[hXyamPHNhkk].mp4,11:49,12:05,クロスボディ・ニートゥエルボー,全身,中
[hXyamPHNhkk].mp4,12:05,12:18,クロスボディ・ニートゥエルボー (2回),全身,中
[hXyamPHNhkk].mp4,12:18,12:47,ウエストツイスト,全身,中
[hXyamPHNhkk].mp4,12:47,13:17,サイドパンチ,上半身,中
[hXyamPHNhkk].mp4,13:17,13:31,マーチング,下半身,低
[hXyamPHNhkk].mp4,13:31,13:45,クロスボディ・ニートゥエルボー,全身,中
[hXyamPHNhkk].mp4,13:45,14:14,ウエストツイスト,全身,中
[hXyamPHNhkk].mp4,14:14,14:30,サイドパンチ,上半身,中
[iKWmRIflEhc].mp4,0:09,0:39,マーチング,下半身,低
[iKWmRIflEhc].mp4,0:39,1:09,バックキック,下半身,中
[iKWmRIflEhc].mp4,1:09,1:39,フロントキック,下半身,中
[iKWmRIflEhc].mp4,1:39,2:09,トゥタッチ,下半身,中
[iKWmRIflEhc].mp4,2:09,2:39,スクワット,下半身,中
[iKWmRIflEhc].mp4,2:39,3:09,ランジ,下半身,中
[iKWmRIflEhc].mp4,3:09,3:39,ツイストランジ,下半身,高
[iKWmRIflEhc].mp4,3:39,4:09,サイドランジ,下半身,中
[iKWmRIflEhc].mp4,4:09,4:39,クロスボディ・ニートゥエルボー,全身,中
[iKWmRIflEhc].mp4,4:39,5:09,サイド・ニートゥエルボー,全身,中
[iKWmRIflEhc].mp4,5:09,5:39,アッパーカット,上半身,中
[iKWmRIflEhc].mp4,5:39,6:09,ウォークダウン・バーピー,全身,高
[iKWmRIflEhc].mp4,6:09,6:39,インチワーム,全身,中
[iKWmRIflEhc].mp4,6:39,7:09,スイッチキック,下半身,高
[iKWmRIflEhc].mp4,7:09,7:39,バイシクルクランチ,全身,中
[iKWmRIflEhc].mp4,7:39,8:09,グルートブリッジ,下半身,中
[iKWmRIflEhc].mp4,8:09,8:39,ドンキーキック&ハイドラント (右),下半身,中
[iKWmRIflEhc].mp4,8:39,9:09,ドンキーキック&ハイドラント (左),下半身,中
[iKWmRIflEhc].mp4,9:09,9:39,プランク・アップダウン,全身,高
[iKWmRIflEhc].mp4,9:39,10:00,マウンテンクライマー,全身,高
[9UX7XUBMJnc].mp4,0:11,0:37,アームストレッチ,上半身,低
[9UX7XUBMJnc].mp4,0:37,1:16,フォワードパンチ,上半身,中
[9UX7XUBMJnc].mp4,1:16,1:41,トルソツイスト,全身,中
[9UX7XUBMJnc].mp4,1:41,1:55,アッパーパンチ,上半身,中
[9UX7XUBMJnc].mp4,1:55,2:07,マーチング,下半身,低
[9UX7XUBMJnc].mp4,2:07,2:59,ウォークダウン・スクワット,全身,中
[9UX7XUBMJnc].mp4,2:59,3:17,マーチング,下半身,低
[9UX7XUBMJnc].mp4,3:17,3:30,フロントキック,下半身,中
[9UX7XUBMJnc].mp4,3:30,3:50,フォワードパンチ,上半身,中
[9UX7XUBMJnc].mp4,3:50,3:57,アッパーパンチ,上半身,中
[9UX7XUBMJnc].mp4,3:57,4:09,マーチング,下半身,低
[9UX7XUBMJnc].mp4,4:09,4:23,フロントキック,下半身,中
[9UX7XUBMJnc].mp4,4:23,4:30,フォワードパンチ,上半身,中
[9UX7XUBMJnc].mp4,4:30,4:36,アッパーパンチ,上半身,中
[9UX7XUBMJnc].mp4,4:36,4:42,フォワードパンチ,上半身,中
[9UX7XUBMJnc].mp4,4:42,4:49,アッパーパンチ,上半身,中
[9UX7XUBMJnc].mp4,4:49,5:11,マーチング,下半身,低
[9UX7XUBMJnc].mp4,5:11,5:41,ウォークダウン・スクワット,全身,中
[9UX7XUBMJnc].mp4,5:41,5:55,マーチング,下半身,低
[9UX7XUBMJnc].mp4,5:55,6:28,オルタネイト・フロアタッチ,全身,中
[9UX7XUBMJnc].mp4,6:28,6:43,マーチング,下半身,低
[9UX7XUBMJnc].mp4,6:43,6:58,オルタネイト・フロアタッチ,全身,中
[9UX7XUBMJnc].mp4,6:58,7:09,マーチング,下半身,低
[9UX7XUBMJnc].mp4,7:09,7:34,サイドキック,下半身,中
[9UX7XUBMJnc].mp4,7:34,7:59,フロントキック,下半身,中
[9UX7XUBMJnc].mp4,7:59,8:10,マーチング,下半身,低
[9UX7XUBMJnc].mp4,8:10,8:23,サイドキック,下半身,中
[9UX7XUBMJnc].mp4,8:23,8:59,フロントキック,下半身,中
[9UX7XUBMJnc].mp4,8:59,9:24,ヒップサークル,下半身,低
[9UX7XUBMJnc].mp4,9:24,9:30,マーチング,下半身,低
[9UX7XUBMJnc].mp4,9:30,9:54,サイドキック,下半身,中
[9UX7XUBMJnc].mp4,9:54,10:13,マーチング,下半身,低
[9UX7XUBMJnc].mp4,10:13,10:35,四つん這いレッグリフト,下半身,中
[9UX7XUBMJnc].mp4,10:35,11:01,四つん這いプッシュアップ,上半身,中
[9UX7XUBMJnc].mp4,11:01,11:33,ニーリング・ニータッチ,全身,中
[9UX7XUBMJnc].mp4,11:33,11:55,ニーリング・スクワット,下半身,中
[9UX7XUBMJnc].mp4,11:55,12:05,マーチング,下半身,低
[9UX7XUBMJnc].mp4,12:05,12:58,フォワードパンチ,上半身,中
[9UX7XUBMJnc].mp4,13:10,14:15,スクワット,下半身,中
[9UX7XUBMJnc].mp4,14:25,14:52,ナロースクワット,下半身,中
[9UX7XUBMJnc].mp4,14:52,15:18,スクワット・サイドレッグリフト,下半身,中
[9UX7XUBMJnc].mp4,15:35,16:00,ワイドスクワット,下半身,中
[9UX7XUBMJnc].mp4,16:00,16:15,マーチング,下半身,低
[9UX7XUBMJnc].mp4,16:15,16:45,ステップアウト,下半身,低
[9UX7XUBMJnc].mp4,16:45,17:00,アームワイパー,上半身,低
[9UX7XUBMJnc].mp4,17:00,17:15,サイドクランチ (立位),上半身,中
[9UX7XUBMJnc].mp4,17:15,17:30,クロスボディクランチ,全身,中
[9UX7XUBMJnc].mp4,17:30,17:50,ステップアウト,下半身,低
[9UX7XUBMJnc].mp4,17:50,18:14,アームワイパー,上半身,低
[9UX7XUBMJnc].mp4,18:14,18:30,サイドクランチ (立位),上半身,中
[9UX7XUBMJnc].mp4,18:30,18:50,クロスボディクランチ,全身,中